-- Library Database Populater Script
-- CS 430 | Lab 6
-- Due 6/11/2025 11:59 PM
-- Written by Brent Jackson

Use brentj;

-- Insert Author Data
INSERT INTO Author (AuthorID, LastName, FirstName) VALUES (101, 'Ewing', 'Bobby');
INSERT INTO Author (AuthorID, LastName, FirstName) VALUES (102, 'Skelton', 'Red');
INSERT INTO Author (AuthorID, LastName, FirstName) VALUES (201, 'Magnum', 'Thomas');
INSERT INTO Author (AuthorID, LastName, FirstName) VALUES (202, 'Barnes', 'Julie');
INSERT INTO Author (AuthorID, LastName, FirstName) VALUES (203, 'Ramjet', 'Roger');
INSERT INTO Author (AuthorID, LastName, FirstName) VALUES (204, 'Hart', 'Mickey');
INSERT INTO Author (AuthorID, LastName, FirstName) VALUES (205, 'Slick', 'Grace');
INSERT INTO Author (AuthorID, LastName, FirstName) VALUES (206, 'Mason', 'Perry');
INSERT INTO Author (AuthorID, LastName, FirstName) VALUES (207, 'Betts', 'Dickey');
INSERT INTO Author (AuthorID, LastName, FirstName) VALUES (208, 'Kid', 'Waco');
INSERT INTO Author (AuthorID, LastName, FirstName) VALUES (209, 'Thornhill', 'Roger');
INSERT INTO Author (AuthorID, LastName, FirstName) VALUES (210, 'Ferguson', 'Scottie');
INSERT INTO Author (AuthorID, LastName, FirstName) VALUES (301, 'Wright', 'Barbara');
INSERT INTO Author (AuthorID, LastName, FirstName) VALUES (302, 'Crichton', 'John');
INSERT INTO Author (AuthorID, LastName, FirstName) VALUES (303, 'Flux', 'Aeon');
INSERT INTO Author (AuthorID, LastName, FirstName) VALUES (304, 'Crawley', 'Robert');

-- Insert Phone Data
-- Author phones first
INSERT INTO Phone (PNumber, Type) VALUES ('970-555-1000', 'cell');
INSERT INTO Phone (PNumber, Type) VALUES ('970-555-1010', 'home');
INSERT INTO Phone (PNumber, Type) VALUES ('970-555-1100', 'office');
INSERT INTO Phone (PNumber, Type) VALUES ('303-555-1200', 'home');
INSERT INTO Phone (PNumber, Type) VALUES ('303-555-1210', 'cell');
INSERT INTO Phone (PNumber, Type) VALUES ('970-555-1400', 'cell');
INSERT INTO Phone (PNumber, Type) VALUES ('970-555-1600', 'home');
INSERT INTO Phone (PNumber, Type) VALUES ('970-555-1800', 'cell');
INSERT INTO Phone (PNumber, Type) VALUES ('970-555-1900', 'home');
INSERT INTO Phone (PNumber, Type) VALUES ('970-555-2000', 'home');
INSERT INTO Phone (PNumber, Type) VALUES ('970-555-2010', 'cell');
INSERT INTO Phone (PNumber, Type) VALUES ('970-555-2001', 'home');
INSERT INTO Phone (PNumber, Type) VALUES ('970-555-2020', 'cell');
INSERT INTO Phone (PNumber, Type) VALUES ('970-555-2300', 'office');
INSERT INTO Phone (PNumber, Type) VALUES ('970-555-2400', 'home');
INSERT INTO Phone (PNumber, Type) VALUES ('970-555-2401', 'cell');
INSERT INTO Phone (PNumber, Type) VALUES ('970-555-2403', 'office');
INSERT INTO Phone (PNumber, Type) VALUES ('970-555-2402', 'cell');
-- Publisher phones second
INSERT INTO Phone (PNumber, Type) VALUES ('970-555-5000', 'office');
INSERT INTO Phone (PNumber, Type) VALUES ('970-555-5010', 'office');
INSERT INTO Phone (PNumber, Type) VALUES ('970-555-5020', 'office');
INSERT INTO Phone (PNumber, Type) VALUES ('970-555-5030', 'office');
INSERT INTO Phone (PNumber, Type) VALUES ('970-555-5040', 'office');
INSERT INTO Phone (PNumber, Type) VALUES ('970-555-5050', 'office');
INSERT INTO Phone (PNumber, Type) VALUES ('970-555-5060', 'office');
INSERT INTO Phone (PNumber, Type) VALUES ('970-555-5070', 'cell');
INSERT INTO Phone (PNumber, Type) VALUES ('970-555-5080', 'office');

--Insert AuthorPhone Data
INSERT INTO AuthorPhone (AuthorID, PNumber) VALUES (101, '970-555-1000');
INSERT INTO AuthorPhone (AuthorID, PNumber) VALUES (101, '970-555-1010');
INSERT INTO AuthorPhone (AuthorID, PNumber) VALUES (102, '970-555-1100');
INSERT INTO AuthorPhone (AuthorID, PNumber) VALUES (201, '303-555-1200');
INSERT INTO AuthorPhone (AuthorID, PNumber) VALUES (202, '303-555-1200');
INSERT INTO AuthorPhone (AuthorID, PNumber) VALUES (202, '303-555-1210');
INSERT INTO AuthorPhone (AuthorID, PNumber) VALUES (203, '970-555-1400');
INSERT INTO AuthorPhone (AuthorID, PNumber) VALUES (205, '970-555-1600');
INSERT INTO AuthorPhone (AuthorID, PNumber) VALUES (206, '970-555-1600');
INSERT INTO AuthorPhone (AuthorID, PNumber) VALUES (207, '970-555-1800');
INSERT INTO AuthorPhone (AuthorID, PNumber) VALUES (208, '970-555-1900');
INSERT INTO AuthorPhone (AuthorID, PNumber) VALUES (209, '970-555-2000');
INSERT INTO AuthorPhone (AuthorID, PNumber) VALUES (209, '970-555-2010');
INSERT INTO AuthorPhone (AuthorID, PNumber) VALUES (210, '970-555-2001');
INSERT INTO AuthorPhone (AuthorID, PNumber) VALUES (301, '970-555-2020');
INSERT INTO AuthorPhone (AuthorID, PNumber) VALUES (302, '970-555-2300');
INSERT INTO AuthorPhone (AuthorID, PNumber) VALUES (303, '970-555-2400');
INSERT INTO AuthorPhone (AuthorID, PNumber) VALUES (303, '970-555-2401');
INSERT INTO AuthorPhone (AuthorID, PNumber) VALUES (303, '970-555-2403');
INSERT INTO AuthorPhone (AuthorID, PNumber) VALUES (304, '970-555-2400');
INSERT INTO AuthorPhone (AuthorID, PNumber) VALUES (304, '970-555-2402');
INSERT INTO AuthorPhone (AuthorID, PNumber) VALUES (304, '970-555-2403');

-- Insert Publisher Data
INSERT INTO Publisher (PubID, Pub_name) VALUES (10000, 'Wiley');
INSERT INTO Publisher (PubID, Pub_name) VALUES (10001, 'McGraw-Hill');
INSERT INTO Publisher (PubID, Pub_name) VALUES (10002, 'Coyote Publishing');
INSERT INTO Publisher (PubID, Pub_name) VALUES (10003, 'Amazon');
INSERT INTO Publisher (PubID, Pub_name) VALUES (10004, 'Jerrys Ice Cream');
INSERT INTO Publisher (PubID, Pub_name) VALUES (10005, 'Buy a Boat');
INSERT INTO Publisher (PubID, Pub_name) VALUES (10006, 'Flagstaff Publishing');
INSERT INTO Publisher (PubID, Pub_name) VALUES (10007, 'Ram West');

-- Insert PublisherPhone Data
INSERT INTO PublisherPhone (PubID, PNumber) VALUES (10000, '970-555-5000');
INSERT INTO PublisherPhone (PubID, PNumber) VALUES (10001, '970-555-5010');
INSERT INTO PublisherPhone (PubID, PNumber) VALUES (10002, '970-555-5020');
INSERT INTO PublisherPhone (PubID, PNumber) VALUES (10003, '970-555-5030');
INSERT INTO PublisherPhone (PubID, PNumber) VALUES (10004, '970-555-5040');
INSERT INTO PublisherPhone (PubID, PNumber) VALUES (10005, '970-555-5050');
INSERT INTO PublisherPhone (PubID, PNumber) VALUES (10006, '970-555-5060');
INSERT INTO PublisherPhone (PubID, PNumber) VALUES (10006, '970-555-5070');
INSERT INTO PublisherPhone (PubID, PNumber) VALUES (10007, '970-555-5080');

-- Insert Book Data
INSERT INTO Book (ISBN, Title, PubID, YearPublished) VALUES ('96-42103-10001', 'How to Grow Tomatoes', 10006, '1963-02-10');
INSERT INTO Book (ISBN, Title, PubID, YearPublished) VALUES ('96-42103-10002', 'Mr. Smith Goes to Washington', 10007, '2010-03-23');
INSERT INTO Book (ISBN, Title, PubID, YearPublished) VALUES ('96-42103-10003', 'Studying is Your Friend', 10000, '1955-04-11');
INSERT INTO Book (ISBN, Title, PubID, YearPublished) VALUES ('96-42103-10004', 'To Have and To Cherish', 10003, '2011-06-01');
INSERT INTO Book (ISBN, Title, PubID, YearPublished) VALUES ('96-42103-10005', 'Hal Finds a Home', 10003, '2001-03-15');
INSERT INTO Book (ISBN, Title, PubID, YearPublished) VALUES ('96-42103-10006', 'Last Train to Clarksville', 10004, '1999-10-30');
INSERT INTO Book (ISBN, Title, PubID, YearPublished) VALUES ('96-42103-10007', 'How to Digitally Sign', 10004, '2003-11-21');
INSERT INTO Book (ISBN, Title, PubID, YearPublished) VALUES ('96-42103-10008', 'Sam Needs a Friend', 10005, '2013-12-23');
INSERT INTO Book (ISBN, Title, PubID, YearPublished) VALUES ('96-42103-10009', 'Downton Abbey', 10002, '2005-12-14');
INSERT INTO Book (ISBN, Title, PubID, YearPublished) VALUES ('96-42103-10011', 'Database Theory', 10001, '2010-01-14');
INSERT INTO Book (ISBN, Title, PubID, YearPublished) VALUES ('96-42103-10022', 'Challenging Puzzles', 10001, '1988-03-15');
INSERT INTO Book (ISBN, Title, PubID, YearPublished) VALUES ('96-42103-10033', 'American Football', 10006, '2011-02-08');
INSERT INTO Book (ISBN, Title, PubID, YearPublished) VALUES ('96-42103-10034', 'European Football', 10003, '2015-08-08');
INSERT INTO Book (ISBN, Title, PubID, YearPublished) VALUES ('96-42103-10040', 'Where to Start', 10003, '2012-05-09');
INSERT INTO Book (ISBN, Title, PubID, YearPublished) VALUES ('96-42103-10054', 'Lacey Discovers Herself', 10002, '2013-06-12');
INSERT INTO Book (ISBN, Title, PubID, YearPublished) VALUES ('96-42103-10068', 'Mr. Ed', 10001, '2009-09-03');
INSERT INTO Book (ISBN, Title, PubID, YearPublished) VALUES ('96-42103-10081', 'Escape from Gilligans Island', 10000, '2009-03-29');
INSERT INTO Book (ISBN, Title, PubID, YearPublished) VALUES ('96-42103-10093', 'Fixing Computers', 10000, '2010-01-29');
INSERT INTO Book (ISBN, Title, PubID, YearPublished) VALUES ('96-42103-10109', 'Red Burn', 10000, '2011-01-20');
INSERT INTO Book (ISBN, Title, PubID, YearPublished) VALUES ('96-42103-10206', 'Taks McGrill', 10003, '2000-02-21');
INSERT INTO Book (ISBN, Title, PubID, YearPublished) VALUES ('96-42103-10300', 'Eating Healthy', 10004, '1999-02-16');
INSERT INTO Book (ISBN, Title, PubID, YearPublished) VALUES ('96-42103-10401', 'How to Grow Cucumbers', 10006, '1945-03-14');
INSERT INTO Book (ISBN, Title, PubID, YearPublished) VALUES ('96-42103-10502', 'Gardening Tips', 10007, '1973-08-16');
INSERT INTO Book (ISBN, Title, PubID, YearPublished) VALUES ('96-42103-10604', 'Using the Library', 10003, '1993-09-09');
INSERT INTO Book (ISBN, Title, PubID, YearPublished) VALUES ('96-42103-10709', 'Too Many Cooks', 10006, '1983-01-03');
INSERT INTO Book (ISBN, Title, PubID, YearPublished) VALUES ('96-42103-10800', 'Green is Your Friend', 10006, '2000-03-22');
INSERT INTO Book (ISBN, Title, PubID, YearPublished) VALUES ('96-42103-10907', 'Cubs Win!', 10002, '2005-06-02');
INSERT INTO Book (ISBN, Title, PubID, YearPublished) VALUES ('96-42103-11003', 'Missing Tomorrow', 10001, '2005-09-01');

-- Insert BookAuthor Data
INSERT INTO BookAuthor (ISBN, AuthorID) VALUES ('96-42103-10001', 101);
INSERT INTO BookAuthor (ISBN, AuthorID) VALUES ('96-42103-10001', 208);
INSERT INTO BookAuthor (ISBN, AuthorID) VALUES ('96-42103-10002', 102);
INSERT INTO BookAuthor (ISBN, AuthorID) VALUES ('96-42103-10003', 203);
INSERT INTO BookAuthor (ISBN, AuthorID) VALUES ('96-42103-10003', 201);
INSERT INTO BookAuthor (ISBN, AuthorID) VALUES ('96-42103-10004', 209);
INSERT INTO BookAuthor (ISBN, AuthorID) VALUES ('96-42103-10004', 302);
INSERT INTO BookAuthor (ISBN, AuthorID) VALUES ('96-42103-10004', 304);
INSERT INTO BookAuthor (ISBN, AuthorID) VALUES ('96-42103-10005', 204);
INSERT INTO BookAuthor (ISBN, AuthorID) VALUES ('96-42103-10006', 101);
INSERT INTO BookAuthor (ISBN, AuthorID) VALUES ('96-42103-10007', 102);
INSERT INTO BookAuthor (ISBN, AuthorID) VALUES ('96-42103-10007', 302);
INSERT INTO BookAuthor (ISBN, AuthorID) VALUES ('96-42103-10008', 209);
INSERT INTO BookAuthor (ISBN, AuthorID) VALUES ('96-42103-10008', 210);
INSERT INTO BookAuthor (ISBN, AuthorID) VALUES ('96-42103-10008', 301);
INSERT INTO BookAuthor (ISBN, AuthorID) VALUES ('96-42103-10009', 304);
INSERT INTO BookAuthor (ISBN, AuthorID) VALUES ('96-42103-10011', 207);
INSERT INTO BookAuthor (ISBN, AuthorID) VALUES ('96-42103-10011', 208);
INSERT INTO BookAuthor (ISBN, AuthorID) VALUES ('96-42103-10022', 203);
INSERT INTO BookAuthor (ISBN, AuthorID) VALUES ('96-42103-10033', 202);
INSERT INTO BookAuthor (ISBN, AuthorID) VALUES ('96-42103-10034', 202);
INSERT INTO BookAuthor (ISBN, AuthorID) VALUES ('96-42103-10040', 205);
INSERT INTO BookAuthor (ISBN, AuthorID) VALUES ('96-42103-10040', 203);
INSERT INTO BookAuthor (ISBN, AuthorID) VALUES ('96-42103-10054', 201);
INSERT INTO BookAuthor (ISBN, AuthorID) VALUES ('96-42103-10054', 202);
INSERT INTO BookAuthor (ISBN, AuthorID) VALUES ('96-42103-10068', 210);
INSERT INTO BookAuthor (ISBN, AuthorID) VALUES ('96-42103-10081', 101);
INSERT INTO BookAuthor (ISBN, AuthorID) VALUES ('96-42103-10081', 204);
INSERT INTO BookAuthor (ISBN, AuthorID) VALUES ('96-42103-10093', 102);
INSERT INTO BookAuthor (ISBN, AuthorID) VALUES ('96-42103-10109', 304);
INSERT INTO BookAuthor (ISBN, AuthorID) VALUES ('96-42103-10109', 208);
INSERT INTO BookAuthor (ISBN, AuthorID) VALUES ('96-42103-10206', 210);
INSERT INTO BookAuthor (ISBN, AuthorID) VALUES ('96-42103-10206', 301);
INSERT INTO BookAuthor (ISBN, AuthorID) VALUES ('96-42103-10300', 207);
INSERT INTO BookAuthor (ISBN, AuthorID) VALUES ('96-42103-10300', 208);
INSERT INTO BookAuthor (ISBN, AuthorID) VALUES ('96-42103-10401', 101);
INSERT INTO BookAuthor (ISBN, AuthorID) VALUES ('96-42103-10401', 203);
INSERT INTO BookAuthor (ISBN, AuthorID) VALUES ('96-42103-10502', 201);
INSERT INTO BookAuthor (ISBN, AuthorID) VALUES ('96-42103-10502', 202);
INSERT INTO BookAuthor (ISBN, AuthorID) VALUES ('96-42103-10604', 201);
INSERT INTO BookAuthor (ISBN, AuthorID) VALUES ('96-42103-10709', 303);
INSERT INTO BookAuthor (ISBN, AuthorID) VALUES ('96-42103-10709', 201);
INSERT INTO BookAuthor (ISBN, AuthorID) VALUES ('96-42103-10800', 301);
INSERT INTO BookAuthor (ISBN, AuthorID) VALUES ('96-42103-10800', 302);
INSERT INTO BookAuthor (ISBN, AuthorID) VALUES ('96-42103-10907', 102);
INSERT INTO BookAuthor (ISBN, AuthorID) VALUES ('96-42103-10907', 301);
INSERT INTO BookAuthor (ISBN, AuthorID) VALUES ('96-42103-11003', 204);
INSERT INTO BookAuthor (ISBN, AuthorID) VALUES ('96-42103-11003', 205);
INSERT INTO BookAuthor (ISBN, AuthorID) VALUES ('96-42103-11003', 206);
INSERT INTO BookAuthor (ISBN, AuthorID) VALUES ('96-42103-11003', 207);

-- Insert Member Data
INSERT INTO Member (MemberID, Name, Gender, DateOfBirth) VALUES (1000, 'Wiley Coyote', 'M', '1961-09-10');
INSERT INTO Member (MemberID, Name, Gender, DateOfBirth) VALUES (1100, 'Bugs Bunny', 'M', '1990-06-24');
INSERT INTO Member (MemberID, Name, Gender, DateOfBirth) VALUES (1200, 'Olive Oyl', 'F', '1989-07-19');
INSERT INTO Member (MemberID, Name, Gender, DateOfBirth) VALUES (1300, 'Alice Wonderland', 'F', '1989-07-19');
INSERT INTO Member (MemberID, Name, Gender, DateOfBirth) VALUES (1400, 'Roger Ramjet', 'M', '1985-01-13');
INSERT INTO Member (MemberID, Name, Gender, DateOfBirth) VALUES (1500, 'Larry Lujack', 'M', '1940-06-06');
INSERT INTO Member (MemberID, Name, Gender, DateOfBirth) VALUES (1600, 'Thomas Tankengine', 'M', '1991-04-01');
INSERT INTO Member (MemberID, Name, Gender, DateOfBirth) VALUES (1700, 'Amber Corwin', 'F', '1970-12-01');
INSERT INTO Member (MemberID, Name, Gender, DateOfBirth) VALUES (1800, 'Dworkin Barimen', 'M', '1950-12-02');
INSERT INTO Member (MemberID, Name, Gender, DateOfBirth) VALUES (1900, 'Bel Garion', 'M', '1983-01-01');
INSERT INTO Member (MemberID, Name, Gender, DateOfBirth) VALUES (2000, 'Pol Gara', 'F', '1963-01-10');
INSERT INTO Member (MemberID, Name, Gender, DateOfBirth) VALUES (2001, 'Art Clark', 'M', '2001-12-06');
INSERT INTO Member (MemberID, Name, Gender, DateOfBirth) VALUES (2002, 'Edith Crawley', 'F', '1962-09-04');
INSERT INTO Member (MemberID, Name, Gender, DateOfBirth) VALUES (2003, 'John Bates', 'M', '2001-12-12');
INSERT INTO Member (MemberID, Name, Gender, DateOfBirth) VALUES (2004, 'Thomas Barrow', 'M', '2005-05-05');
INSERT INTO Member (MemberID, Name, Gender, DateOfBirth) VALUES (2005, 'John Watson', 'M', '1975-02-22');
INSERT INTO Member (MemberID, Name, Gender, DateOfBirth) VALUES (2006, 'Jim Moriarty', 'M', '1967-03-12');
INSERT INTO Member (MemberID, Name, Gender, DateOfBirth) VALUES (2007, 'Walter White', 'M', '1983-05-14');
INSERT INTO Member (MemberID, Name, Gender, DateOfBirth) VALUES (2008, 'Skyler White', 'F', '1983-04-12');
INSERT INTO Member (MemberID, Name, Gender, DateOfBirth) VALUES (2009, 'Dexter Morgan', 'M', '1994-07-11');
INSERT INTO Member (MemberID, Name, Gender, DateOfBirth) VALUES (2010, 'Rita Bennett', 'F', '2001-11-12');
INSERT INTO Member (MemberID, Name, Gender, DateOfBirth) VALUES (2011, 'Sun Kwon', 'F', '1988-10-19');
INSERT INTO Member (MemberID, Name, Gender, DateOfBirth) VALUES (2012, 'John Locke', 'M', '2000-01-01');
INSERT INTO Member (MemberID, Name, Gender, DateOfBirth) VALUES (2013, 'Clair Littleton', 'F', '2001-02-01');
INSERT INTO Member (MemberID, Name, Gender, DateOfBirth) VALUES (2015, 'Claire Bennet', 'F', '2001-03-11');
INSERT INTO Member (MemberID, Name, Gender, DateOfBirth) VALUES (2016, 'Mohinder Suresh', 'M', '1993-04-15');
INSERT INTO Member (MemberID, Name, Gender, DateOfBirth) VALUES (2017, 'Chloe Sullivan', 'F', '2007-05-16');
INSERT INTO Member (MemberID, Name, Gender, DateOfBirth) VALUES (2018, 'Martha Kent', 'F', '1954-02-13');
INSERT INTO Member (MemberID, Name, Gender, DateOfBirth) VALUES (2019, 'Paige Matthews', 'F', '1977-03-16');
INSERT INTO Member (MemberID, Name, Gender, DateOfBirth) VALUES (2020, 'Leo Wyatt', 'M', '2000-10-01');
INSERT INTO Member (MemberID, Name, Gender, DateOfBirth) VALUES (2021, 'Buffy Summers', 'F', '2000-05-26');
INSERT INTO Member (MemberID, Name, Gender, DateOfBirth) VALUES (2022, 'Xander Harris', 'M', '2001-06-23');

-- Insert Borrowed Data
INSERT INTO Borrowed (MemberID, ISBN, DateBorrowed, DateReturned) VALUES (1100, '96-42103-10604', '2016-04-13', '2016-04-17');
INSERT INTO Borrowed (MemberID, ISBN, DateBorrowed, DateReturned) VALUES (1100, '96-42103-10604', '2016-03-09', '2016-03-10');
INSERT INTO Borrowed (MemberID, ISBN, DateBorrowed, DateReturned) VALUES (1100, '96-42103-10003', '2016-03-23', '2016-03-24');
INSERT INTO Borrowed (MemberID, ISBN, DateBorrowed, DateReturned) VALUES (1100, '96-42103-10401', '2016-05-14', '2016-05-16');
INSERT INTO Borrowed (MemberID, ISBN, DateBorrowed, DateReturned) VALUES (1100, '96-42103-10001', '2016-04-27', '2016-04-30');
INSERT INTO Borrowed (MemberID, ISBN, DateBorrowed, DateReturned) VALUES (1100, '96-42103-10040', '2016-05-16', '2016-05-16');
INSERT INTO Borrowed (MemberID, ISBN, DateBorrowed, DateReturned) VALUES (1100, '96-42103-10709', '2016-05-18', '2016-05-21');
INSERT INTO Borrowed (MemberID, ISBN, DateBorrowed, DateReturned) VALUES (1100, '96-42103-10081', '2016-03-15', '2016-03-17');
INSERT INTO Borrowed (MemberID, ISBN, DateBorrowed, DateReturned) VALUES (1200, '96-42103-10081', '2016-04-10', '2016-04-16');
INSERT INTO Borrowed (MemberID, ISBN, DateBorrowed, DateReturned) VALUES (1200, '96-42103-10093', '2016-03-27', '2016-03-29');
INSERT INTO Borrowed (MemberID, ISBN, DateBorrowed, DateReturned) VALUES (1200, '96-42103-10109', '2016-04-15', '2016-04-18');
INSERT INTO Borrowed (MemberID, ISBN, DateBorrowed, DateReturned) VALUES (1300, '96-42103-10022', '2016-03-09', '2016-03-10');
INSERT INTO Borrowed (MemberID, ISBN, DateBorrowed, DateReturned) VALUES (1300, '96-42103-10206', '2016-05-11', '2016-05-14');
INSERT INTO Borrowed (MemberID, ISBN, DateBorrowed, DateReturned) VALUES (1300, '96-42103-10007', '2016-05-11', '2016-05-12');
INSERT INTO Borrowed (MemberID, ISBN, DateBorrowed, DateReturned) VALUES (1300, '96-42103-10001', '2016-03-28', '2016-04-04');
INSERT INTO Borrowed (MemberID, ISBN, DateBorrowed, DateReturned) VALUES (1300, '96-42103-10008', '2016-04-20', '2016-04-26');
INSERT INTO Borrowed (MemberID, ISBN, DateBorrowed, DateReturned) VALUES (1400, '96-42103-10033', '2016-03-26', '2016-03-29');
INSERT INTO Borrowed (MemberID, ISBN, DateBorrowed, DateReturned) VALUES (1400, '96-42103-10800', '2016-03-04', '2016-03-06');
INSERT INTO Borrowed (MemberID, ISBN, DateBorrowed, DateReturned) VALUES (1400, '96-42103-10008', '2016-05-24', '2016-05-29');
INSERT INTO Borrowed (MemberID, ISBN, DateBorrowed, DateReturned) VALUES (1400, '96-42103-10007', '2016-05-06', '2016-05-11');
INSERT INTO Borrowed (MemberID, ISBN, DateBorrowed, DateReturned) VALUES (1400, '96-42103-11003', '2016-03-05', '2016-03-10');
INSERT INTO Borrowed (MemberID, ISBN, DateBorrowed, DateReturned) VALUES (1400, '96-42103-10022', '2016-03-04', '2016-03-07');
INSERT INTO Borrowed (MemberID, ISBN, DateBorrowed, DateReturned) VALUES (1500, '96-42103-10004', '2016-05-14', '2016-05-16');
INSERT INTO Borrowed (MemberID, ISBN, DateBorrowed, DateReturned) VALUES (1500, '96-42103-10800', '2016-04-02', '2016-04-05');
INSERT INTO Borrowed (MemberID, ISBN, DateBorrowed, DateReturned) VALUES (1600, '96-42103-10206', '2016-05-21', '2016-05-27');
INSERT INTO Borrowed (MemberID, ISBN, DateBorrowed, DateReturned) VALUES (1600, '96-42103-10002', '2016-05-04', '2016-05-09');
INSERT INTO Borrowed (MemberID, ISBN, DateBorrowed, DateReturned) VALUES (1600, '96-42103-10011', '2016-03-20', '2016-03-20');
INSERT INTO Borrowed (MemberID, ISBN, DateBorrowed, DateReturned) VALUES (1600, '96-42103-10800', '2016-05-10', '2016-05-13');
INSERT INTO Borrowed (MemberID, ISBN, DateBorrowed, DateReturned) VALUES (1600, '96-42103-10300', '2016-03-22', '2016-03-24');
INSERT INTO Borrowed (MemberID, ISBN, DateBorrowed, DateReturned) VALUES (1700, '96-42103-10040', '2016-05-18', '2016-05-21');
INSERT INTO Borrowed (MemberID, ISBN, DateBorrowed, DateReturned) VALUES (1700, '96-42103-10604', '2016-04-17', '2016-04-18');
INSERT INTO Borrowed (MemberID, ISBN, DateBorrowed, DateReturned) VALUES (1700, '96-42103-11003', '2016-04-17', '2016-04-20');
INSERT INTO Borrowed (MemberID, ISBN, DateBorrowed, DateReturned) VALUES (1700, '96-42103-10004', '2016-04-05', '2016-04-11');
INSERT INTO Borrowed (MemberID, ISBN, DateBorrowed, DateReturned) VALUES (1700, '96-42103-10081', '2016-03-05', '2016-03-08');
INSERT INTO Borrowed (MemberID, ISBN, DateBorrowed, DateReturned) VALUES (1700, '96-42103-10800', '2016-04-22', '2016-04-28');
INSERT INTO Borrowed (MemberID, ISBN, DateBorrowed, DateReturned) VALUES (1800, '96-42103-10011', '2016-04-25', '2016-04-26');
INSERT INTO Borrowed (MemberID, ISBN, DateBorrowed, DateReturned) VALUES (1900, '96-42103-10008', '2016-05-01', '2016-05-01');
INSERT INTO Borrowed (MemberID, ISBN, DateBorrowed, DateReturned) VALUES (2000, '96-42103-10093', '2016-04-12', '2016-04-12');
INSERT INTO Borrowed (MemberID, ISBN, DateBorrowed, DateReturned) VALUES (2000, '96-42103-10005', '2016-05-17', '2016-05-21');
INSERT INTO Borrowed (MemberID, ISBN, DateBorrowed, DateReturned) VALUES (2000, '96-42103-10109', '2016-05-09', '2016-05-11');
INSERT INTO Borrowed (MemberID, ISBN, DateBorrowed, DateReturned) VALUES (2000, '96-42103-10006', '2016-05-08', '2016-05-11');
INSERT INTO Borrowed (MemberID, ISBN, DateBorrowed, DateReturned) VALUES (2001, '96-42103-10040', '2016-04-22', '2016-04-25');
INSERT INTO Borrowed (MemberID, ISBN, DateBorrowed, DateReturned) VALUES (2002, '96-42103-10040', '2016-05-22', '2016-05-27');
INSERT INTO Borrowed (MemberID, ISBN, DateBorrowed, DateReturned) VALUES (2002, '96-42103-10008', '2016-04-21', '2016-04-25');
INSERT INTO Borrowed (MemberID, ISBN, DateBorrowed, DateReturned) VALUES (2002, '96-42103-10081', '2016-03-04', '2016-03-06');
INSERT INTO Borrowed (MemberID, ISBN, DateBorrowed, DateReturned) VALUES (2002, '96-42103-10006', '2016-04-27', '2016-05-02');
INSERT INTO Borrowed (MemberID, ISBN, DateBorrowed, DateReturned) VALUES (2003, '96-42103-10040', '2016-04-09', '2016-04-14');
INSERT INTO Borrowed (MemberID, ISBN, DateBorrowed, DateReturned) VALUES (2003, '96-42103-10033', '2016-03-14', '2016-03-15');
INSERT INTO Borrowed (MemberID, ISBN, DateBorrowed, DateReturned) VALUES (2003, '96-42103-10068', '2016-04-12', '2016-04-16');
INSERT INTO Borrowed (MemberID, ISBN, DateBorrowed, DateReturned) VALUES (2004, '96-42103-10800', '2016-05-13', '2016-05-17');
INSERT INTO Borrowed (MemberID, ISBN, DateBorrowed, DateReturned) VALUES (2004, '96-42103-10040', '2016-04-27', '2016-05-02');
INSERT INTO Borrowed (MemberID, ISBN, DateBorrowed, DateReturned) VALUES (2004, '96-42103-10007', '2016-04-21', '2016-04-23');
INSERT INTO Borrowed (MemberID, ISBN, DateBorrowed, DateReturned) VALUES (2004, '96-42103-10907', '2016-05-09', '2016-05-10');
INSERT INTO Borrowed (MemberID, ISBN, DateBorrowed, DateReturned) VALUES (2004, '96-42103-10800', '2016-05-24', '2016-05-28');
INSERT INTO Borrowed (MemberID, ISBN, DateBorrowed, DateReturned) VALUES (2005, '96-42103-10011', '2016-04-20', '2016-04-22');
INSERT INTO Borrowed (MemberID, ISBN, DateBorrowed, DateReturned) VALUES (2006, '96-42103-10800', '2016-04-04', '2016-04-04');
INSERT INTO Borrowed (MemberID, ISBN, DateBorrowed, DateReturned) VALUES (2007, '96-42103-10709', '2016-03-13', '2016-03-17');
INSERT INTO Borrowed (MemberID, ISBN, DateBorrowed, DateReturned) VALUES (2007, '96-42103-10033', '2016-03-19', '2016-03-24');
INSERT INTO Borrowed (MemberID, ISBN, DateBorrowed, DateReturned) VALUES (2007, '96-42103-10068', '2016-04-19', '2016-04-20');
INSERT INTO Borrowed (MemberID, ISBN, DateBorrowed, DateReturned) VALUES (2008, '96-42103-10502', '2016-03-12', '2016-03-14');
INSERT INTO Borrowed (MemberID, ISBN, DateBorrowed, DateReturned) VALUES (2008, '96-42103-11003', '2016-04-04', '2016-04-08');
INSERT INTO Borrowed (MemberID, ISBN, DateBorrowed, DateReturned) VALUES (2009, '96-42103-10022', '2016-03-24', '2016-03-30');
INSERT INTO Borrowed (MemberID, ISBN, DateBorrowed, DateReturned) VALUES (2009, '96-42103-10709', '2016-04-12', '2016-04-15');
INSERT INTO Borrowed (MemberID, ISBN, DateBorrowed, DateReturned) VALUES (2009, '96-42103-10022', '2016-04-10', '2016-04-10');
INSERT INTO Borrowed (MemberID, ISBN, DateBorrowed, DateReturned) VALUES (2009, '96-42103-10009', '2016-03-20', '2016-03-22');
INSERT INTO Borrowed (MemberID, ISBN, DateBorrowed, DateReturned) VALUES (2009, '96-42103-10033', '2016-04-30', '2016-05-02');
INSERT INTO Borrowed (MemberID, ISBN, DateBorrowed, DateReturned) VALUES (2009, '96-42103-10007', '2016-03-07', '2016-03-13');
INSERT INTO Borrowed (MemberID, ISBN, DateBorrowed, DateReturned) VALUES (2009, '96-42103-10002', '2016-04-12', '2016-04-13');
INSERT INTO Borrowed (MemberID, ISBN, DateBorrowed, DateReturned) VALUES (2009, '96-42103-10709', '2016-04-30', '2016-05-03');
INSERT INTO Borrowed (MemberID, ISBN, DateBorrowed, DateReturned) VALUES (2009, '96-42103-10054', '2016-04-29', '2016-05-02');
INSERT INTO Borrowed (MemberID, ISBN, DateBorrowed, DateReturned) VALUES (2011, '96-42103-10093', '2016-04-20', '2016-04-20');
INSERT INTO Borrowed (MemberID, ISBN, DateBorrowed, DateReturned) VALUES (2011, '96-42103-10011', '2016-03-09', '2016-03-11');
INSERT INTO Borrowed (MemberID, ISBN, DateBorrowed, DateReturned) VALUES (2011, '96-42103-10081', '2016-03-15', '2016-03-20');
INSERT INTO Borrowed (MemberID, ISBN, DateBorrowed, DateReturned) VALUES (2011, '96-42103-10800', '2016-05-29', NULL);
INSERT INTO Borrowed (MemberID, ISBN, DateBorrowed, DateReturned) VALUES (2011, '96-42103-11003', '2016-03-06', '2016-03-08');
INSERT INTO Borrowed (MemberID, ISBN, DateBorrowed, DateReturned) VALUES (2011, '96-42103-10040', '2016-03-10', '2016-03-16');
INSERT INTO Borrowed (MemberID, ISBN, DateBorrowed, DateReturned) VALUES (2012, '96-42103-10009', '2016-03-28', '2016-03-29');
INSERT INTO Borrowed (MemberID, ISBN, DateBorrowed, DateReturned) VALUES (2012, '96-42103-10006', '2016-03-24', '2016-03-28');
INSERT INTO Borrowed (MemberID, ISBN, DateBorrowed, DateReturned) VALUES (2012, '96-42103-11003', '2016-04-04', '2016-04-09');
INSERT INTO Borrowed (MemberID, ISBN, DateBorrowed, DateReturned) VALUES (2012, '96-42103-10008', '2016-04-26', '2016-04-28');
INSERT INTO Borrowed (MemberID, ISBN, DateBorrowed, DateReturned) VALUES (2012, '96-42103-10002', '2016-05-27', NULL);
INSERT INTO Borrowed (MemberID, ISBN, DateBorrowed, DateReturned) VALUES (2013, '96-42103-10008', '2016-04-19', '2016-04-23');
INSERT INTO Borrowed (MemberID, ISBN, DateBorrowed, DateReturned) VALUES (2013, '96-42103-10054', '2016-03-26', '2016-03-29');
INSERT INTO Borrowed (MemberID, ISBN, DateBorrowed, DateReturned) VALUES (2013, '96-42103-10033', '2016-05-17', '2016-05-21');
INSERT INTO Borrowed (MemberID, ISBN, DateBorrowed, DateReturned) VALUES (2015, '96-42103-10009', '2016-03-15', '2016-03-19');
INSERT INTO Borrowed (MemberID, ISBN, DateBorrowed, DateReturned) VALUES (2016, '96-42103-10033', '2016-04-28', '2016-04-30');
INSERT INTO Borrowed (MemberID, ISBN, DateBorrowed, DateReturned) VALUES (2016, '96-42103-10907', '2016-04-22', '2016-04-28');
INSERT INTO Borrowed (MemberID, ISBN, DateBorrowed, DateReturned) VALUES (2016, '96-42103-10206', '2016-05-09', '2016-05-14');
INSERT INTO Borrowed (MemberID, ISBN, DateBorrowed, DateReturned) VALUES (2016, '96-42103-10907', '2016-03-06', '2016-03-08');
INSERT INTO Borrowed (MemberID, ISBN, DateBorrowed, DateReturned) VALUES (2016, '96-42103-10907', '2016-03-21', '2016-03-22');
INSERT INTO Borrowed (MemberID, ISBN, DateBorrowed, DateReturned) VALUES (2016, '96-42103-10001', '2016-04-07', '2016-04-08');
INSERT INTO Borrowed (MemberID, ISBN, DateBorrowed, DateReturned) VALUES (2016, '96-42103-10206', '2016-05-15', '2016-05-15');
INSERT INTO Borrowed (MemberID, ISBN, DateBorrowed, DateReturned) VALUES (2017, '96-42103-10709', '2016-04-20', '2016-04-25');
INSERT INTO Borrowed (MemberID, ISBN, DateBorrowed, DateReturned) VALUES (2017, '96-42103-10300', '2016-05-20', '2016-05-26');
INSERT INTO Borrowed (MemberID, ISBN, DateBorrowed, DateReturned) VALUES (2017, '96-42103-10093', '2016-03-19', '2016-03-23');
INSERT INTO Borrowed (MemberID, ISBN, DateBorrowed, DateReturned) VALUES (2017, '96-42103-10300', '2016-05-01', '2016-05-05');
INSERT INTO Borrowed (MemberID, ISBN, DateBorrowed, DateReturned) VALUES (2017, '96-42103-10004', '2016-03-14', '2016-03-16');
INSERT INTO Borrowed (MemberID, ISBN, DateBorrowed, DateReturned) VALUES (2018, '96-42103-10033', '2016-03-05', '2016-03-07');
INSERT INTO Borrowed (MemberID, ISBN, DateBorrowed, DateReturned) VALUES (2018, '96-42103-10004', '2016-03-25', '2016-03-27');
INSERT INTO Borrowed (MemberID, ISBN, DateBorrowed, DateReturned) VALUES (2018, '96-42103-10907', '2016-03-16', '2016-03-20');
INSERT INTO Borrowed (MemberID, ISBN, DateBorrowed, DateReturned) VALUES (2018, '96-42103-10008', '2016-05-10', '2016-05-10');
INSERT INTO Borrowed (MemberID, ISBN, DateBorrowed, DateReturned) VALUES (2018, '96-42103-10033', '2016-04-01', '2016-04-07');
INSERT INTO Borrowed (MemberID, ISBN, DateBorrowed, DateReturned) VALUES (2018, '96-42103-10300', '2016-04-05', '2016-04-10');
INSERT INTO Borrowed (MemberID, ISBN, DateBorrowed, DateReturned) VALUES (2018, '96-42103-10206', '2016-03-05', '2016-03-11');
INSERT INTO Borrowed (MemberID, ISBN, DateBorrowed, DateReturned) VALUES (2018, '96-42103-10709', '2016-04-20', '2016-04-25');
INSERT INTO Borrowed (MemberID, ISBN, DateBorrowed, DateReturned) VALUES (2018, '96-42103-10206', '2016-05-12', '2016-05-17');
INSERT INTO Borrowed (MemberID, ISBN, DateBorrowed, DateReturned) VALUES (2019, '96-42103-10009', '2016-03-11', '2016-03-12');
INSERT INTO Borrowed (MemberID, ISBN, DateBorrowed, DateReturned) VALUES (2020, '96-42103-10022', '2016-04-09', '2016-04-10');
INSERT INTO Borrowed (MemberID, ISBN, DateBorrowed, DateReturned) VALUES (2020, '96-42103-10206', '2016-05-13', '2016-05-18');
INSERT INTO Borrowed (MemberID, ISBN, DateBorrowed, DateReturned) VALUES (2020, '96-42103-10093', '2016-04-08', '2016-04-12');
INSERT INTO Borrowed (MemberID, ISBN, DateBorrowed, DateReturned) VALUES (2020, '96-42103-10401', '2016-05-29', NULL);
INSERT INTO Borrowed (MemberID, ISBN, DateBorrowed, DateReturned) VALUES (2021, '96-42103-10033', '2016-03-14', '2016-03-16');
INSERT INTO Borrowed (MemberID, ISBN, DateBorrowed, DateReturned) VALUES (2021, '96-42103-10001', '2016-05-21', '2016-05-26');
INSERT INTO Borrowed (MemberID, ISBN, DateBorrowed, DateReturned) VALUES (2021, '96-42103-10054', '2016-04-29', '2016-04-30');
INSERT INTO Borrowed (MemberID, ISBN, DateBorrowed, DateReturned) VALUES (2022, '96-42103-10009', '2016-03-25', '2016-03-29');
INSERT INTO Borrowed (MemberID, ISBN, DateBorrowed, DateReturned) VALUES (2022, '96-42103-10011', '2016-05-03', '2016-05-06');
INSERT INTO Borrowed (MemberID, ISBN, DateBorrowed, DateReturned) VALUES (2022, '96-42103-10109', '2016-04-16', '2016-04-21');
INSERT INTO Borrowed (MemberID, ISBN, DateBorrowed, DateReturned) VALUES (2022, '96-42103-11003', '2016-06-01', NULL);
INSERT INTO Borrowed (MemberID, ISBN, DateBorrowed, DateReturned) VALUES (2022, '96-42103-10081', '2016-03-26', '2016-03-30');
INSERT INTO Borrowed (MemberID, ISBN, DateBorrowed, DateReturned) VALUES (2022, '96-42103-10093', '2016-03-27', '2016-03-29');
INSERT INTO Borrowed (MemberID, ISBN, DateBorrowed, DateReturned) VALUES (2022, '96-42103-10502', '2016-03-26', '2016-04-01');
INSERT INTO Borrowed (MemberID, ISBN, DateBorrowed, DateReturned) VALUES (2022, '96-42103-10003', '2016-05-06', '2016-05-09');
